pickup_day_of_week,avg_fare
1,12.112491619576666
2,12.122270238396089
3,11.668260003529912
4,11.857137993358835
5,12.267444131299635
6,12.169927432008267
7,11.330175050363227
