pickup_lat_zone,pickup_lon_zone,total_revenue
40.76,-73.97,280786.49999993265
40.75,-73.99,271949.79999993823
40.76,-73.98,256843.4099999482
40.75,-73.98,221164.26999996562
40.76,-73.99,213105.6099999684
40.74,-73.99,203478.14999997697
40.77,-73.87,175016.48000000138
40.73,-73.99,172108.14999999193
40.73,-74.0,149070.27000000302
40.77,-73.96,148781.1900000028
